native_token_id,policy_id,asset_id
d27dadf7c5f24bfe9e377927c2d811d63d19222e1a53bb50cbb51772.Draculi,d27dadf7c5f24bfe9e377927c2d811d63d19222e1a53bb50cbb51772,Draculi
d27dadf7c5f24bfe9e377927c2d811d63d19222e1a53bb50cbb51772.IscaraTheTenThousandGuns,d27dadf7c5f24bfe9e377927c2d811d63d19222e1a53bb50cbb51772,IscaraTheTenThousandGuns
d27dadf7c5f24bfe9e377927c2d811d63d19222e1a53bb50cbb51772.AlphaDraculi,d27dadf7c5f24bfe9e377927c2d811d63d19222e1a53bb50cbb51772,AlphaDraculi
d27dadf7c5f24bfe9e377927c2d811d63d19222e1a53bb50cbb51772.Rotakin,d27dadf7c5f24bfe9e377927c2d811d63d19222e1a53bb50cbb51772,Rotakin
d27dadf7c5f24bfe9e377927c2d811d63d19222e1a53bb50cbb51772.PhanamiteAutoMedic,d27dadf7c5f24bfe9e377927c2d811d63d19222e1a53bb50cbb51772,PhanamiteAutoMedic
d27dadf7c5f24bfe9e377927c2d811d63d19222e1a53bb50cbb51772.LaurenceTheDuelist,d27dadf7c5f24bfe9e377927c2d811d63d19222e1a53bb50cbb51772,LaurenceTheDuelist
d27dadf7c5f24bfe9e377927c2d811d63d19222e1a53bb50cbb51772.Zragnirr,d27dadf7c5f24bfe9e377927c2d811d63d19222e1a53bb50cbb51772,Zragnirr
d27dadf7c5f24bfe9e377927c2d811d63d19222e1a53bb50cbb51772.Illieander,d27dadf7c5f24bfe9e377927c2d811d63d19222e1a53bb50cbb51772,Illieander
d27dadf7c5f24bfe9e377927c2d811d63d19222e1a53bb50cbb51772.Voyin,d27dadf7c5f24bfe9e377927c2d811d63d19222e1a53bb50cbb51772,Voyin
d27dadf7c5f24bfe9e377927c2d811d63d19222e1a53bb50cbb51772.GrevanRanger,d27dadf7c5f24bfe9e377927c2d811d63d19222e1a53bb50cbb51772,GrevanRanger
d27dadf7c5f24bfe9e377927c2d811d63d19222e1a53bb50cbb51772.TenThousandGuns,d27dadf7c5f24bfe9e377927c2d811d63d19222e1a53bb50cbb51772,TenThousandGuns
d27dadf7c5f24bfe9e377927c2d811d63d19222e1a53bb50cbb51772.GlacialDraculi,d27dadf7c5f24bfe9e377927c2d811d63d19222e1a53bb50cbb51772,GlacialDraculi
d27dadf7c5f24bfe9e377927c2d811d63d19222e1a53bb50cbb51772.CrypticCat,d27dadf7c5f24bfe9e377927c2d811d63d19222e1a53bb50cbb51772,CrypticCat
d27dadf7c5f24bfe9e377927c2d811d63d19222e1a53bb50cbb51772.GhostRotakin,d27dadf7c5f24bfe9e377927c2d811d63d19222e1a53bb50cbb51772,GhostRotakin
